PartitionKey,RowKey,FirstName,LastName,Username,Email,Birthday
bravo,0bb8f991-e45d-4685-8edf-677906e9a672,Iain,Spohrmann,ispohrmann0,ispohrmann0@bigcartel.com,1939-06-30T13:11:51Z
bravo,da36144c-8aad-40a0-a95a-63f2ae615696,Clementius,Bedingfield,cbedingfield1,cbedingfield1@foxnews.com,1958-01-13T12:27:41Z
bravo,65407218-5ced-47d0-b55b-b6fade218305,Helga,Ravilious,hravilious2,hravilious2@va.gov,2017-09-16T06:56:15Z
bravo,b6b3089e-d67c-48da-b229-3d769ab75ab1,Helli,Jeavons,hjeavons3,hjeavons3@example.com,1988-12-21T17:24:04Z
bravo,4b112ce4-535c-47bc-a607-5d7dcf47f5fd,Miguela,Giacomoni,mgiacomoni4,mgiacomoni4@squarespace.com,1992-11-15T18:30:03Z
bravo,7612c5a7-fcdc-4925-adf2-66478659be6a,Myles,Dreigher,mdreigher5,mdreigher5@usda.gov,1965-05-25T23:35:18Z
bravo,27bd86c2-a53b-4eb4-9523-a68927c14ba8,Bernice,Jorgensen,bjorgensen6,bjorgensen6@ibm.com,2014-12-22T19:09:39Z
bravo,d298cee9-b423-4a5d-b0fb-2ef878e332c7,Barnard,Libby,blibby7,blibby7@parallels.com,1956-12-20T13:24:29Z
bravo,831434dd-ee9f-4a18-9158-816e53eb9224,Kris,Schachter,kschachter8,kschachter8@aol.com,1974-09-11T10:32:24Z
bravo,77930d92-e931-4fbf-8b7b-6a55cf7c8a04,Brena,Lasty,blasty9,blasty9@paginegialle.it,2002-04-16T13:56:34Z
bravo,9c8e5f05-4cb5-48cd-b62c-fc176dffbfd5,Genevra,Gaylor,ggaylora,ggaylora@usgs.gov,1989-02-19T14:52:50Z
bravo,1a5372e8-0e2d-4fa1-a89a-b4a05dcfa246,Gar,Woollacott,gwoollacottb,gwoollacottb@ning.com,1994-06-24T11:17:35Z
bravo,66b64822-19e0-4a87-bb8f-05901c12ee0a,Paolo,Kryszka,pkryszkac,pkryszkac@homestead.com,1970-11-26T02:56:43Z
bravo,3e178989-6133-4652-bd8e-c8278dc6c6b9,Marlene,Lorkings,mlorkingsd,mlorkingsd@instagram.com,1952-08-15T13:52:38Z
bravo,da2367ba-ad4c-4eac-92f1-0ea0e0959b81,Reider,Sunners,rsunnerse,rsunnerse@artisteer.com,1913-09-25T09:49:58Z
bravo,d10539e4-e494-4733-a0d9-28d9a6e09980,Jaye,Breakey,jbreakeyf,jbreakeyf@furl.net,1936-05-08T15:16:47Z
bravo,484768e2-e5a7-44f4-ac09-a296555f1bd6,Louella,Chadwell,lchadwellg,lchadwellg@a8.net,1989-12-22T12:24:30Z
bravo,7acdee42-b36a-41ef-8023-7eb8e37a8d87,Phillipp,Leads,pleadsh,pleadsh@apple.com,1946-05-17T11:29:52Z
bravo,86e7c590-6c20-40c7-ab1c-b287a7bdf5c8,Alica,Kringe,akringei,akringei@netvibes.com,1923-01-10T14:51:40Z
bravo,c06724ed-943a-4dee-9ab8-9f5a2bdca4fb,Betteanne,Forsyth,bforsythj,bforsythj@homestead.com,1994-07-12T20:04:53Z
bravo,6d7e68cd-b40d-41da-9053-66ddc4cbcc3f,Ealasaid,Bugbee,ebugbeek,ebugbeek@cornell.edu,1941-11-29T11:05:32Z
bravo,2628c900-66ab-4277-b92c-37c2498122fb,Kissee,Seggie,kseggiel,kseggiel@google.de,1913-06-04T06:16:39Z
bravo,1d3aa5dd-43a5-44bd-8fb7-90a03445b1af,Wylma,Lotherington,wlotheringtonm,wlotheringtonm@edublogs.org,1950-12-24T13:46:24Z
bravo,43ca346b-6666-4ce6-ba5e-866a4641fcd1,Renell,Betz,rbetzn,rbetzn@patch.com,1931-06-04T21:32:59Z
bravo,008434ae-bfbc-4978-ad59-3d6a7291d85c,Ezekiel,Di Biagio,edibiagioo,edibiagioo@omniture.com,1915-05-07T08:54:49Z
bravo,0585aac6-6fa7-4d15-b6f1-01a582d32acf,Mariejeanne,O'Rudden,moruddenp,moruddenp@nbcnews.com,1980-10-25T13:41:17Z
bravo,4c0f1440-eb30-44b3-9625-7b5d635b8ca6,Flora,Baruch,fbaruchq,fbaruchq@etsy.com,1949-11-13T01:01:19Z
bravo,0379498f-cf57-4a6c-99d0-d5b081ad45fb,Keene,Ashmore,kashmorer,kashmorer@amazon.com,1923-11-15T06:50:36Z
bravo,ea281863-83ad-4e9e-8307-6a47105949ae,Amble,Siddons,asiddonss,asiddonss@topsy.com,1934-07-15T09:45:54Z
bravo,1ffe927c-5ab2-4be4-809e-4b03e47f4d0e,Hoebart,Clemenzi,hclemenzit,hclemenzit@unesco.org,1952-04-23T05:49:09Z
bravo,e2dddb78-be24-42a3-871d-4b24ef539b39,Valma,Argabrite,vargabriteu,vargabriteu@studiopress.com,1927-01-25T12:40:40Z
bravo,d6dd1b39-2c93-4556-8d4f-38f350690f11,Melisa,Kike,mkikev,mkikev@sina.com.cn,1940-05-05T22:58:40Z
bravo,e02660d2-6407-4010-b51d-b907a936ff0c,Kevon,Payley,kpayleyw,kpayleyw@upenn.edu,1930-08-19T20:40:27Z
bravo,21ef624c-e125-427a-a44d-4ad1271111a1,Thomasa,Crimpe,tcrimpex,tcrimpex@t-online.de,1934-11-20T14:04:18Z
bravo,02a26ba7-6549-4725-bc0e-aa2920d1333e,Chrystel,Sowersby,csowersbyy,csowersbyy@spiegel.de,2012-11-27T09:23:34Z
bravo,6ab5f1c1-4747-43b0-bdbc-aaaad7278397,Nikita,MacKissack,nmackissackz,nmackissackz@phpbb.com,1921-02-05T22:37:40Z
bravo,142f7c0b-4f65-48ba-95c3-bbfe626ff9cf,Wandie,Kikke,wkikke10,wkikke10@dagondesign.com,1936-06-30T06:52:46Z
bravo,df3af62c-23a5-4db2-86d4-ddeb696173dd,Corrie,Bagenal,cbagenal11,cbagenal11@google.ca,1936-08-22T07:40:45Z
bravo,14733eb9-4ef7-4a6c-a26c-6d61af176b64,Maia,Moryson,mmoryson12,mmoryson12@comcast.net,1981-01-19T14:41:25Z
bravo,7fa5cf94-dfbd-4054-8a35-6f42d990c840,Eugene,Wotton,ewotton13,ewotton13@salon.com,1911-02-22T16:52:01Z
bravo,b5c33406-74a8-41fa-847d-f4ffad846d83,Ozzie,Squire,osquire14,osquire14@unc.edu,1952-09-22T08:48:27Z
bravo,61a22038-13b1-43ea-b741-7257ec8cd19a,Milicent,Willimont,mwillimont15,mwillimont15@census.gov,1916-09-14T17:41:20Z
bravo,ef375a4e-a8dc-4ded-9130-dd6a8206d289,Audi,Vanyushkin,avanyushkin16,avanyushkin16@alibaba.com,1988-02-12T10:19:09Z
bravo,85c23cc4-8c07-410c-b03f-f5df7cb60391,Kathryn,Romaynes,kromaynes17,kromaynes17@vinaora.com,1998-08-04T12:37:03Z
bravo,7cd2586b-39f4-4fda-a1d8-fd21a40a2f7d,Pierre,Faltin,pfaltin18,pfaltin18@ted.com,1942-05-23T09:10:38Z
bravo,b85fe716-b941-4f74-9ff9-27e2af4db74c,Aimil,Le Sarr,alesarr19,alesarr19@blogtalkradio.com,1931-01-05T00:12:28Z
bravo,3458be03-e3ce-4d7a-be1c-8e2263a058bb,Stafani,Fuzzey,sfuzzey1a,sfuzzey1a@icq.com,1954-01-31T13:29:19Z
bravo,69eed77c-69cc-492d-9beb-6a1c9adbdd85,Kirstin,Dallemore,kdallemore1b,kdallemore1b@skype.com,1918-11-02T03:57:42Z
bravo,ab83473c-7cc1-4515-a0f1-0a6422df1399,Lynette,Polden,lpolden1c,lpolden1c@github.com,2017-10-17T20:14:33Z
bravo,887c0141-6bbb-4b1f-8b6d-8394c49431af,Carri,Rohfsen,crohfsen1d,crohfsen1d@sbwire.com,2002-04-09T03:41:38Z
bravo,bfbb485b-1363-436e-8984-1f2d8850440e,Keene,Maruszewski,kmaruszewski1e,kmaruszewski1e@so-net.ne.jp,1948-03-18T14:52:13Z
bravo,f6f81124-4ff6-46fc-9973-d6c864eecaf8,Muriel,Leteurtre,mleteurtre1f,mleteurtre1f@indiegogo.com,1963-12-30T17:47:25Z
bravo,8e84b1a9-d193-42fc-90b6-36c618dc5544,Carlotta,Sowten,csowten1g,csowten1g@printfriendly.com,1951-05-03T11:40:16Z
bravo,771e6f0a-4080-4933-9977-102bab13c372,Morissa,Smiths,msmiths1h,msmiths1h@w3.org,1950-07-28T19:45:27Z
bravo,6c858941-3872-4ab1-9c53-28883d42b224,Leonora,Hearon,lhearon1i,lhearon1i@wiley.com,1950-12-14T00:21:25Z
bravo,b9968a08-31b3-49ee-9fb6-f5f013c351bf,Corrie,Chrestien,cchrestien1j,cchrestien1j@xinhuanet.com,1920-11-12T07:45:51Z
bravo,a598562d-a2bb-4f5a-86ad-496e3bd3b32c,Celestia,Hamp,champ1k,champ1k@behance.net,2016-08-30T14:50:51Z
bravo,beeba60f-a6e6-4fa1-83f1-772b326c322e,Daphna,Glew,dglew1l,dglew1l@elpais.com,1918-06-01T04:09:35Z
bravo,449014c5-91b9-4466-857b-d8b3f440e952,Tremain,Sydney,tsydney1m,tsydney1m@bravesites.com,1980-02-14T14:45:13Z
bravo,73129601-d2e8-45a2-90ea-394567063fcf,Welby,Marmyon,wmarmyon1n,wmarmyon1n@earthlink.net,1941-04-29T03:44:05Z
bravo,b244db43-28f6-4aee-8d3b-5d8419490c77,Glori,Gerardot,ggerardot1o,ggerardot1o@indiegogo.com,2004-05-12T01:30:57Z
bravo,e749c505-d2db-40f4-be3c-d5dab693e997,Melitta,Schapero,mschapero1p,mschapero1p@hibu.com,1922-02-13T03:18:23Z
bravo,ace1ff7c-ec55-4ae8-8bda-bc33608303ee,Kiah,Clewley,kclewley1q,kclewley1q@seesaa.net,1993-05-09T10:54:26Z
bravo,1fd4a65e-3442-42ac-be92-1c7839bb359a,Conney,Gillespey,cgillespey1r,cgillespey1r@goodreads.com,1982-02-13T06:09:08Z
bravo,f19b21b2-17f3-4eea-9a17-2523b4506c1d,Pavla,Hurl,phurl1s,phurl1s@harvard.edu,1960-08-07T04:06:56Z
bravo,ed7c261d-395b-4cc0-8d2b-518862c95dbe,Corey,Ragdale,cragdale1t,cragdale1t@cdbaby.com,1957-06-21T00:33:15Z
bravo,f8e9a0bf-f7f0-40f1-b791-e4aa46846ed8,Sydney,Bossom,sbossom1u,sbossom1u@slideshare.net,1988-11-20T22:45:44Z
bravo,fa0bec0e-ad33-4681-a3c1-8c1930882f2e,Terza,Veronique,tveronique1v,tveronique1v@ebay.com,1991-03-10T05:09:21Z
bravo,ef3c1141-0678-4169-8628-579a42a19077,Irv,Greasty,igreasty1w,igreasty1w@spotify.com,1934-08-29T12:39:50Z
bravo,a2f6c01d-288b-4105-8a5e-5ba6d5fbd932,Valentine,Chesnay,vchesnay1x,vchesnay1x@google.pl,1997-07-23T05:29:57Z
bravo,419de81d-705a-4905-a374-254dc29f58fd,Brod,Mantram,bmantram1y,bmantram1y@ning.com,1995-06-27T05:03:29Z
bravo,e2df41e3-5a78-49aa-ac7c-8a21b183c554,Crosby,Rosenstock,crosenstock1z,crosenstock1z@nymag.com,1997-12-25T11:22:22Z
bravo,b1c4f3c5-2ddb-45e7-b83d-ad8dd8151525,Annice,Gillease,agillease20,agillease20@google.es,1991-04-08T05:40:36Z
bravo,67cdf855-66ac-4ef4-826a-ac2c3aa64f3b,Fan,Darbyshire,fdarbyshire21,fdarbyshire21@phpbb.com,2002-10-12T02:44:14Z
bravo,dd1aea2c-708d-4fa7-8d85-dcdc0327a7cc,Kile,La Grange,klagrange22,klagrange22@scribd.com,1945-01-17T18:52:08Z
bravo,1cd41dcc-6740-4e25-81eb-71e4c830016f,Muriel,Crewe,mcrewe23,mcrewe23@arstechnica.com,2005-07-04T17:01:09Z
bravo,2f84183a-fc79-42d0-9cad-bcf2c98b65b5,Allyn,Jaffa,ajaffa24,ajaffa24@miibeian.gov.cn,1990-02-19T18:14:03Z
bravo,6d352c3a-43ff-4281-b871-ec3acd16fc60,Horten,Cavie,hcavie25,hcavie25@msu.edu,1927-01-06T20:29:47Z
bravo,dd719576-696a-4594-9cd2-8b6f67e74a9f,Malvina,Dresche,mdresche26,mdresche26@paginegialle.it,1969-09-24T12:19:55Z
bravo,cb30291a-bf42-43db-a56a-985ce6e2547a,Chrotoem,Posen,cposen27,cposen27@fotki.com,1961-02-22T01:54:07Z
bravo,7c9c729d-f262-4311-86cb-943cf92d78d2,Saxon,Patifield,spatifield28,spatifield28@samsung.com,1929-02-27T23:13:26Z
bravo,cd008506-967e-4041-8bce-9953555b8957,Giffard,Grishinov,ggrishinov29,ggrishinov29@joomla.org,1948-02-17T02:32:21Z
bravo,a65e0233-8a44-4ff3-bdfd-c186b51922f9,Chas,Euesden,ceuesden2a,ceuesden2a@adobe.com,2007-10-13T20:50:23Z
bravo,e94dfefd-91df-4673-974f-bcd5f977179a,Olly,Dy,ody2b,ody2b@who.int,1984-07-19T16:01:14Z
bravo,638eac94-2428-4875-a6eb-8f0eb0c51327,Cahra,Ordemann,cordemann2c,cordemann2c@yellowpages.com,1961-11-03T16:35:56Z
bravo,a4020f86-c9c9-428d-8dd7-4bc75d08da27,Brit,Riche,briche2d,briche2d@rakuten.co.jp,1942-11-30T02:16:33Z
bravo,205f925f-6001-4899-93f3-fc5a1a4fc824,Madeleine,Welburn,mwelburn2e,mwelburn2e@china.com.cn,1961-05-12T06:00:10Z
bravo,97888acd-e13c-4565-8554-b4eb62f65c92,Kimbell,Bartels,kbartels2f,kbartels2f@yellowpages.com,1929-04-12T06:04:26Z
bravo,9150af9b-0763-457c-bd63-59cef496cba2,Gustave,Ruggen,gruggen2g,gruggen2g@seattletimes.com,1941-06-02T04:12:14Z
bravo,f1f1668d-f969-4fd5-a8ac-762df88329a0,Wileen,Gaitskell,wgaitskell2h,wgaitskell2h@prweb.com,1979-05-18T19:05:01Z
bravo,1e65f4da-980f-415a-9f4d-18bee8021301,Dill,Darell,ddarell2i,ddarell2i@guardian.co.uk,1939-01-04T18:08:55Z
bravo,a4f36501-c292-4f58-9176-d01954b30ba0,Janek,Grenfell,jgrenfell2j,jgrenfell2j@gmpg.org,1949-10-10T15:51:24Z
bravo,abb5cb8d-ba5a-4027-bc78-82db71863b25,Darn,Sydry,dsydry2k,dsydry2k@myspace.com,2017-09-05T12:55:48Z
bravo,db348d46-1369-4e9d-84ae-ac5f648f5d05,Stella,Le Marquis,slemarquis2l,slemarquis2l@deliciousdays.com,2005-08-21T02:38:00Z
bravo,af938722-5a05-4d7c-b5c2-d1ef8b7e246d,Adrianna,Bille,abille2m,abille2m@reverbnation.com,1995-08-28T21:12:54Z
bravo,f5033cd3-e8b9-4b83-a922-50c414aa8ac1,Joey,Pedrollo,jpedrollo2n,jpedrollo2n@wordpress.org,1963-02-22T04:42:19Z
bravo,9b65b41c-bb44-441e-8ddf-48ac0bc615f7,Cassy,Toor,ctoor2o,ctoor2o@flickr.com,1933-09-29T01:24:21Z
bravo,e6eedf6f-f24e-4e0f-ad8d-4292f3a26e7d,Blair,McFaell,bmcfaell2p,bmcfaell2p@weibo.com,1984-06-02T17:43:05Z
bravo,b533b456-a32a-43c3-a824-242745e5c3c0,Boony,Klesel,bklesel2q,bklesel2q@creativecommons.org,1975-10-22T20:15:22Z
bravo,92f235f4-4af8-4103-8f73-39727d2b13d0,Greer,Gandrich,ggandrich2r,ggandrich2r@prweb.com,2008-09-13T18:05:54Z
